[
{"pk": 83, "model": "meeting.meeting",
  "fields":
	{"city": "Paris",
	 "venue_name": "",
         "country": "FR", 
         "time_zone": "Europe/Paris", 
         "reg_area": "Hall Maillot A", 
         "number": "83", 
         "break_area": "Hall Maillot A", 
         "date": "2012-03-25", 
         "type": "ietf", 
         "venue_addr": "",
	 "official_agenda": 24
	}
},

{"pk": 24, "model": "meeting.namedagenda", "fields": {"owner": 108757, "visible": true, "name": "mtg:83", "public": true, "meeting": 83}},
{"pk": 2371, "model": "meeting.scheduledsession", "fields": {"owner": 24, "notes": "Auto created", "session": 2157, "timeslot": 2371}}, 
{"pk": 2372, "model": "meeting.scheduledsession", "fields": {"owner": 24, "notes": "Auto created", "session": 2158, "timeslot": 2372}}, 
{"pk": 2373, "model": "meeting.scheduledsession", "fields": {"owner": 24, "notes": "Auto created", "session": 2159, "timeslot": 2373}}, 
{"pk": 2374, "model": "meeting.scheduledsession", "fields": {"owner": 24, "notes": "Auto created", "session": 2160, "timeslot": 2374}}, 
{"pk": 2375, "model": "meeting.scheduledsession", "fields": {"owner": 24, "notes": "Auto created", "session": 2161, "timeslot": 2375}}, 
{"pk": 2376, "model": "meeting.scheduledsession", "fields": {"owner": 24, "notes": "Auto created", "session": 2162, "timeslot": 2376}}, 
{"pk": 2377, "model": "meeting.scheduledsession", "fields": {"owner": 24, "notes": "Auto created", "session": 12162, "timeslot": 2377}}, 
{"pk": 2378, "model": "meeting.scheduledsession", "fields": {"owner": 24, "notes": "Auto created", "session": 2163, "timeslot": 2378}}, 
{"pk": 2379, "model": "meeting.scheduledsession", "fields": {"owner": 24, "notes": "Auto created", "session": 2164, "timeslot": 2379}}, 
{"pk": 2380, "model": "meeting.scheduledsession", "fields": {"owner": 24, "notes": "Auto created", "session": 2165, "timeslot": 2380}}, 
{"pk": 2381, "model": "meeting.scheduledsession", "fields": {"owner": 24, "notes": "Auto created", "session": 2166, "timeslot": 2381}}, 
{"pk": 2382, "model": "meeting.scheduledsession", "fields": {"owner": 24, "notes": "Auto created", "session": 2167, "timeslot": 2382}}, 
{"pk": 2383, "model": "meeting.scheduledsession", "fields": {"owner": 24, "notes": "Auto created", "session": 2168, "timeslot": 2383}}, 
{"pk": 2384, "model": "meeting.scheduledsession", "fields": {"owner": 24, "notes": "Auto created", "session": 2169, "timeslot": 2384}}, 
{"pk": 2385, "model": "meeting.scheduledsession", "fields": {"owner": 24, "notes": "Auto created", "session": 2170, "timeslot": 2385}}, 
{"pk": 2386, "model": "meeting.scheduledsession", "fields": {"owner": 24, "notes": "Auto created", "session": 2171, "timeslot": 2386}}, 
{"pk": 2387, "model": "meeting.scheduledsession", "fields": {"owner": 24, "notes": "Auto created", "session": 2172, "timeslot": 2387}}, 
{"pk": 2388, "model": "meeting.scheduledsession", "fields": {"owner": 24, "notes": "Auto created", "session": 2173, "timeslot": 2388}}, 
{"pk": 2389, "model": "meeting.scheduledsession", "fields": {"owner": 24, "notes": "Auto created", "session": 2174, "timeslot": 2389}}, 
{"pk": 2390, "model": "meeting.scheduledsession", "fields": {"owner": 24, "notes": "Auto created", "session": 12174, "timeslot": 2390}}, 
{"pk": 2391, "model": "meeting.scheduledsession", "fields": {"owner": 24, "notes": "Auto created", "session": 2175, "timeslot": 2391}}, 
{"pk": 2392, "model": "meeting.scheduledsession", "fields": {"owner": 24, "notes": "Auto created", "session": 12175, "timeslot": 2392}}, 
{"pk": 2393, "model": "meeting.scheduledsession", "fields": {"owner": 24, "notes": "Auto created", "session": 22084, "timeslot": 2393}}, 
{"pk": 2394, "model": "meeting.scheduledsession", "fields": {"owner": 24, "notes": "Auto created", "session": 2177, "timeslot": 2394}}, 
{"pk": 2395, "model": "meeting.scheduledsession", "fields": {"owner": 24, "notes": "Auto created", "session": 2178, "timeslot": 2395}}, 
{"pk": 2396, "model": "meeting.scheduledsession", "fields": {"owner": 24, "notes": "Auto created", "session": 2179, "timeslot": 2396}}, 
{"pk": 2397, "model": "meeting.scheduledsession", "fields": {"owner": 24, "notes": "Auto created", "session": 2180, "timeslot": 2397}}, 
{"pk": 2398, "model": "meeting.scheduledsession", "fields": {"owner": 24, "notes": "Auto created", "session": 2182, "timeslot": 2398}}, 
{"pk": 2399, "model": "meeting.scheduledsession", "fields": {"owner": 24, "notes": "Auto created", "session": 2206, "timeslot": 2399}}, 
{"pk": 2400, "model": "meeting.scheduledsession", "fields": {"owner": 24, "notes": "Auto created", "session": 2184, "timeslot": 2400}}, 
{"pk": 2401, "model": "meeting.scheduledsession", "fields": {"owner": 24, "notes": "Auto created", "session": 2185, "timeslot": 2401}}, 
{"pk": 2402, "model": "meeting.scheduledsession", "fields": {"owner": 24, "notes": "Auto created", "session": 2186, "timeslot": 2402}}, 
{"pk": 2403, "model": "meeting.scheduledsession", "fields": {"owner": 24, "notes": "Auto created", "session": 2187, "timeslot": 2403}}, 
{"pk": 2404, "model": "meeting.scheduledsession", "fields": {"owner": 24, "notes": "Auto created", "session": 2188, "timeslot": 2404}}, 
{"pk": 2405, "model": "meeting.scheduledsession", "fields": {"owner": 24, "notes": "Auto created", "session": 12188, "timeslot": 2405}}, 
{"pk": 2406, "model": "meeting.scheduledsession", "fields": {"owner": 24, "notes": "Auto created", "session": 2189, "timeslot": 2406}}, 
{"pk": 2407, "model": "meeting.scheduledsession", "fields": {"owner": 24, "notes": "Auto created", "session": 2190, "timeslot": 2407}}, 
{"pk": 2408, "model": "meeting.scheduledsession", "fields": {"owner": 24, "notes": "Auto created", "session": 2191, "timeslot": 2408}}, 
{"pk": 2409, "model": "meeting.scheduledsession", "fields": {"owner": 24, "notes": "Auto created", "session": 2192, "timeslot": 2409}}, 
{"pk": 2410, "model": "meeting.scheduledsession", "fields": {"owner": 24, "notes": "Auto created", "session": 12192, "timeslot": 2410}}, 
{"pk": 2411, "model": "meeting.scheduledsession", "fields": {"owner": 24, "notes": "Auto created", "session": 2193, "timeslot": 2411}}, 
{"pk": 2412, "model": "meeting.scheduledsession", "fields": {"owner": 24, "notes": "Auto created", "session": 12193, "timeslot": 2412}}, 
{"pk": 2413, "model": "meeting.scheduledsession", "fields": {"owner": 24, "notes": "Auto created", "session": 2194, "timeslot": 2413}}, 
{"pk": 2414, "model": "meeting.scheduledsession", "fields": {"owner": 24, "notes": "Auto created", "session": 12194, "timeslot": 2414}}, 
{"pk": 2415, "model": "meeting.scheduledsession", "fields": {"owner": 24, "notes": "Auto created", "session": 2195, "timeslot": 2415}}, 
{"pk": 2416, "model": "meeting.scheduledsession", "fields": {"owner": 24, "notes": "Auto created", "session": 12195, "timeslot": 2416}}, 
{"pk": 2417, "model": "meeting.scheduledsession", "fields": {"owner": 24, "notes": "Auto created", "session": 2196, "timeslot": 2417}}, 
{"pk": 2418, "model": "meeting.scheduledsession", "fields": {"owner": 24, "notes": "Auto created", "session": 12196, "timeslot": 2418}}, 
{"pk": 2419, "model": "meeting.scheduledsession", "fields": {"owner": 24, "notes": "Auto created", "session": 2197, "timeslot": 2419}}, 
{"pk": 2420, "model": "meeting.scheduledsession", "fields": {"owner": 24, "notes": "Auto created", "session": 2198, "timeslot": 2420}}, 
{"pk": 2421, "model": "meeting.scheduledsession", "fields": {"owner": 24, "notes": "Auto created", "session": 2199, "timeslot": 2421}}, 
{"pk": 2422, "model": "meeting.scheduledsession", "fields": {"owner": 24, "notes": "Auto created", "session": 2200, "timeslot": 2422}}, 
{"pk": 2423, "model": "meeting.scheduledsession", "fields": {"owner": 24, "notes": "Auto created", "session": 2201, "timeslot": 2423}}, 
{"pk": 2424, "model": "meeting.scheduledsession", "fields": {"owner": 24, "notes": "Auto created", "session": 2202, "timeslot": 2424}}, 
{"pk": 2425, "model": "meeting.scheduledsession", "fields": {"owner": 24, "notes": "Auto created", "session": 2203, "timeslot": 2425}}, 
{"pk": 2426, "model": "meeting.scheduledsession", "fields": {"owner": 24, "notes": "Auto created", "session": 2204, "timeslot": 2426}}, 
{"pk": 2427, "model": "meeting.scheduledsession", "fields": {"owner": 24, "notes": "Auto created", "session": 2205, "timeslot": 2427}}, 
{"pk": 2428, "model": "meeting.scheduledsession", "fields": {"owner": 24, "notes": "Auto created", "session": 2183, "timeslot": 2428}}, 
{"pk": 2429, "model": "meeting.scheduledsession", "fields": {"owner": 24, "notes": "Auto created", "session": 2207, "timeslot": 2429}}, 
{"pk": 2430, "model": "meeting.scheduledsession", "fields": {"owner": 24, "notes": "Auto created", "session": 2208, "timeslot": 2430}}, 
{"pk": 2431, "model": "meeting.scheduledsession", "fields": {"owner": 24, "notes": "Auto created", "session": 2209, "timeslot": 2431}}, 
{"pk": 2432, "model": "meeting.scheduledsession", "fields": {"owner": 24, "notes": "Auto created", "session": 2210, "timeslot": 2432}}, 
{"pk": 2433, "model": "meeting.scheduledsession", "fields": {"owner": 24, "notes": "Auto created", "session": 2211, "timeslot": 2433}}, 
{"pk": 2434, "model": "meeting.scheduledsession", "fields": {"owner": 24, "notes": "Auto created", "session": 2212, "timeslot": 2434}}, 
{"pk": 2435, "model": "meeting.scheduledsession", "fields": {"owner": 24, "notes": "Auto created", "session": 2213, "timeslot": 2435}}, 
{"pk": 2436, "model": "meeting.scheduledsession", "fields": {"owner": 24, "notes": "Auto created", "session": 2214, "timeslot": 2436}}, 
{"pk": 2437, "model": "meeting.scheduledsession", "fields": {"owner": 24, "notes": "Auto created", "session": 2215, "timeslot": 2437}}, 
{"pk": 2438, "model": "meeting.scheduledsession", "fields": {"owner": 24, "notes": "Auto created", "session": 2216, "timeslot": 2438}}, 
{"pk": 2439, "model": "meeting.scheduledsession", "fields": {"owner": 24, "notes": "Auto created", "session": 2216, "timeslot": 2439}}, 
{"pk": 2440, "model": "meeting.scheduledsession", "fields": {"owner": 24, "notes": "Auto created", "session": 2217, "timeslot": 2440}}, 
{"pk": 2441, "model": "meeting.scheduledsession", "fields": {"owner": 24, "notes": "Auto created", "session": 2218, "timeslot": 2441}}, 
{"pk": 2442, "model": "meeting.scheduledsession", "fields": {"owner": 24, "notes": "Auto created", "session": 2219, "timeslot": 2442}}, 
{"pk": 2443, "model": "meeting.scheduledsession", "fields": {"owner": 24, "notes": "Auto created", "session": 2220, "timeslot": 2443}}, 
{"pk": 2444, "model": "meeting.scheduledsession", "fields": {"owner": 24, "notes": "Auto created", "session": 2221, "timeslot": 2444}}, 
{"pk": 2445, "model": "meeting.scheduledsession", "fields": {"owner": 24, "notes": "Auto created", "session": 2222, "timeslot": 2445}}, 
{"pk": 2446, "model": "meeting.scheduledsession", "fields": {"owner": 24, "notes": "Auto created", "session": 2223, "timeslot": 2446}}, 
{"pk": 2447, "model": "meeting.scheduledsession", "fields": {"owner": 24, "notes": "Auto created", "session": 2223, "timeslot": 2447}}, 
{"pk": 2448, "model": "meeting.scheduledsession", "fields": {"owner": 24, "notes": "Auto created", "session": 2224, "timeslot": 2448}}, 
{"pk": 2449, "model": "meeting.scheduledsession", "fields": {"owner": 24, "notes": "Auto created", "session": 2225, "timeslot": 2449}}, 
{"pk": 2450, "model": "meeting.scheduledsession", "fields": {"owner": 24, "notes": "Auto created", "session": 2227, "timeslot": 2450}}, 
{"pk": 2451, "model": "meeting.scheduledsession", "fields": {"owner": 24, "notes": "Auto created", "session": 2228, "timeslot": 2451}}, 
{"pk": 2452, "model": "meeting.scheduledsession", "fields": {"owner": 24, "notes": "Auto created", "session": 2229, "timeslot": 2452}}, 
{"pk": 2453, "model": "meeting.scheduledsession", "fields": {"owner": 24, "notes": "Auto created", "session": 2230, "timeslot": 2453}}, 
{"pk": 2454, "model": "meeting.scheduledsession", "fields": {"owner": 24, "notes": "Auto created", "session": 2231, "timeslot": 2454}}, 
{"pk": 2455, "model": "meeting.scheduledsession", "fields": {"owner": 24, "notes": "Auto created", "session": 2232, "timeslot": 2455}}, 
{"pk": 2456, "model": "meeting.scheduledsession", "fields": {"owner": 24, "notes": "Auto created", "session": 2232, "timeslot": 2456}}, 
{"pk": 2457, "model": "meeting.scheduledsession", "fields": {"owner": 24, "notes": "Auto created", "session": 2233, "timeslot": 2457}}, 
{"pk": 2458, "model": "meeting.scheduledsession", "fields": {"owner": 24, "notes": "Auto created", "session": 2234, "timeslot": 2458}}, 
{"pk": 2459, "model": "meeting.scheduledsession", "fields": {"owner": 24, "notes": "Auto created", "session": 2235, "timeslot": 2459}}, 
{"pk": 2460, "model": "meeting.scheduledsession", "fields": {"owner": 24, "notes": "Auto created", "session": 2236, "timeslot": 2460}}, 
{"pk": 2461, "model": "meeting.scheduledsession", "fields": {"owner": 24, "notes": "Auto created", "session": 2237, "timeslot": 2461}}, 
{"pk": 2462, "model": "meeting.scheduledsession", "fields": {"owner": 24, "notes": "Auto created", "session": 2238, "timeslot": 2462}}, 
{"pk": 2463, "model": "meeting.scheduledsession", "fields": {"owner": 24, "notes": "Auto created", "session": 12238, "timeslot": 2463}}, 
{"pk": 2464, "model": "meeting.scheduledsession", "fields": {"owner": 24, "notes": "Auto created", "session": 2239, "timeslot": 2464}}, 
{"pk": 2465, "model": "meeting.scheduledsession", "fields": {"owner": 24, "notes": "Auto created", "session": 2240, "timeslot": 2465}}, 
{"pk": 2466, "model": "meeting.scheduledsession", "fields": {"owner": 24, "notes": "Auto created", "session": 2241, "timeslot": 2466}}, 
{"pk": 2467, "model": "meeting.scheduledsession", "fields": {"owner": 24, "notes": "Auto created", "session": 2242, "timeslot": 2467}}, 
{"pk": 2468, "model": "meeting.scheduledsession", "fields": {"owner": 24, "notes": "Auto created", "session": 2243, "timeslot": 2468}}, 
{"pk": 2469, "model": "meeting.scheduledsession", "fields": {"owner": 24, "notes": "Auto created", "session": 2244, "timeslot": 2469}}, 
{"pk": 2470, "model": "meeting.scheduledsession", "fields": {"owner": 24, "notes": "Auto created", "session": 2245, "timeslot": 2470}}, 
{"pk": 2471, "model": "meeting.scheduledsession", "fields": {"owner": 24, "notes": "Auto created", "session": 2246, "timeslot": 2471}}, 
{"pk": 2472, "model": "meeting.scheduledsession", "fields": {"owner": 24, "notes": "Auto created", "session": 2247, "timeslot": 2472}}, 
{"pk": 2473, "model": "meeting.scheduledsession", "fields": {"owner": 24, "notes": "Auto created", "session": 2248, "timeslot": 2473}}, 
{"pk": 2474, "model": "meeting.scheduledsession", "fields": {"owner": 24, "notes": "Auto created", "session": 2249, "timeslot": 2474}}, 
{"pk": 2475, "model": "meeting.scheduledsession", "fields": {"owner": 24, "notes": "Auto created", "session": 2250, "timeslot": 2475}}, 
{"pk": 2476, "model": "meeting.scheduledsession", "fields": {"owner": 24, "notes": "Auto created", "session": 2251, "timeslot": 2476}}, 
{"pk": 2477, "model": "meeting.scheduledsession", "fields": {"owner": 24, "notes": "Auto created", "session": 2252, "timeslot": 2477}}, 
{"pk": 2478, "model": "meeting.scheduledsession", "fields": {"owner": 24, "notes": "Auto created", "session": 2253, "timeslot": 2478}}, 
{"pk": 2479, "model": "meeting.scheduledsession", "fields": {"owner": 24, "notes": "Auto created", "session": 2254, "timeslot": 2479}}, 
{"pk": 2480, "model": "meeting.scheduledsession", "fields": {"owner": 24, "notes": "Auto created", "session": 2255, "timeslot": 2480}}, 
{"pk": 2481, "model": "meeting.scheduledsession", "fields": {"owner": 24, "notes": "Auto created", "session": 2256, "timeslot": 2481}}, 
{"pk": 2482, "model": "meeting.scheduledsession", "fields": {"owner": 24, "notes": "Auto created", "session": 2257, "timeslot": 2482}}, 
{"pk": 2483, "model": "meeting.scheduledsession", "fields": {"owner": 24, "notes": "Auto created", "session": 2258, "timeslot": 2483}}, 
{"pk": 2484, "model": "meeting.scheduledsession", "fields": {"owner": 24, "notes": "Auto created", "session": 2259, "timeslot": 2484}}, 
{"pk": 2485, "model": "meeting.scheduledsession", "fields": {"owner": 24, "notes": "Auto created", "session": 2260, "timeslot": 2485}}, 
{"pk": 2486, "model": "meeting.scheduledsession", "fields": {"owner": 24, "notes": "Auto created", "session": 12260, "timeslot": 2486}}, 
{"pk": 2487, "model": "meeting.scheduledsession", "fields": {"owner": 24, "notes": "Auto created", "session": 2261, "timeslot": 2487}}, 
{"pk": 2488, "model": "meeting.scheduledsession", "fields": {"owner": 24, "notes": "Auto created", "session": 2262, "timeslot": 2488}}, 
{"pk": 2489, "model": "meeting.scheduledsession", "fields": {"owner": 24, "notes": "Auto created", "session": 2281, "timeslot": 2489}}, 
{"pk": 2490, "model": "meeting.scheduledsession", "fields": {"owner": 24, "notes": "Auto created", "session": 2265, "timeslot": 2490}}, 
{"pk": 2491, "model": "meeting.scheduledsession", "fields": {"owner": 24, "notes": "Auto created", "session": 2266, "timeslot": 2491}}, 
{"pk": 2492, "model": "meeting.scheduledsession", "fields": {"owner": 24, "notes": "Auto created", "session": 2267, "timeslot": 2492}}, 
{"pk": 2493, "model": "meeting.scheduledsession", "fields": {"owner": 24, "notes": "Auto created", "session": 2268, "timeslot": 2493}}, 
{"pk": 2494, "model": "meeting.scheduledsession", "fields": {"owner": 24, "notes": "Auto created", "session": 2270, "timeslot": 2494}}, 
{"pk": 2495, "model": "meeting.scheduledsession", "fields": {"owner": 24, "notes": "Auto created", "session": 2270, "timeslot": 2495}}, 
{"pk": 2496, "model": "meeting.scheduledsession", "fields": {"owner": 24, "notes": "Auto created", "session": 2271, "timeslot": 2496}}, 
{"pk": 2497, "model": "meeting.scheduledsession", "fields": {"owner": 24, "notes": "Auto created", "session": 2272, "timeslot": 2497}}, 
{"pk": 2498, "model": "meeting.scheduledsession", "fields": {"owner": 24, "notes": "Auto created", "session": 2273, "timeslot": 2498}}, 
{"pk": 2499, "model": "meeting.scheduledsession", "fields": {"owner": 24, "notes": "Auto created", "session": 2274, "timeslot": 2499}}, 
{"pk": 2500, "model": "meeting.scheduledsession", "fields": {"owner": 24, "notes": "Auto created", "session": 2275, "timeslot": 2500}}, 
{"pk": 2501, "model": "meeting.scheduledsession", "fields": {"owner": 24, "notes": "Auto created", "session": 2276, "timeslot": 2501}}, 
{"pk": 2502, "model": "meeting.scheduledsession", "fields": {"owner": 24, "notes": "Auto created", "session": 2277, "timeslot": 2502}}, 
{"pk": 2503, "model": "meeting.scheduledsession", "fields": {"owner": 24, "notes": "Auto created", "session": 2278, "timeslot": 2503}}, 
{"pk": 2504, "model": "meeting.scheduledsession", "fields": {"owner": 24, "notes": "Auto created", "session": 2279, "timeslot": 2504}}, 
{"pk": 2505, "model": "meeting.scheduledsession", "fields": {"owner": 24, "notes": "Auto created", "session": 2280, "timeslot": 2505}}, 
{"pk": 2506, "model": "meeting.scheduledsession", "fields": {"owner": 24, "notes": "Auto created", "session": 22087, "timeslot": 2506}}, 
{"pk": 2507, "model": "meeting.scheduledsession", "fields": {"owner": 24, "notes": "Auto created", "session": 2282, "timeslot": 2507}}, 
{"pk": 2508, "model": "meeting.scheduledsession", "fields": {"owner": 24, "notes": "Auto created", "session": 2283, "timeslot": 2508}}, 
{"pk": 2509, "model": "meeting.scheduledsession", "fields": {"owner": 24, "notes": "Auto created", "session": 2284, "timeslot": 2509}}, 
{"pk": 2510, "model": "meeting.scheduledsession", "fields": {"owner": 24, "notes": "Auto created", "session": 2285, "timeslot": 2510}}, 
{"pk": 2511, "model": "meeting.scheduledsession", "fields": {"owner": 24, "notes": "Auto created", "session": 2286, "timeslot": 2511}}, 
{"pk": 2512, "model": "meeting.scheduledsession", "fields": {"owner": 24, "notes": "Auto created", "session": 2287, "timeslot": 2512}}, 
{"pk": 2513, "model": "meeting.scheduledsession", "fields": {"owner": 24, "notes": "Auto created", "session": 2287, "timeslot": 2513}}, 
{"pk": 2514, "model": "meeting.scheduledsession", "fields": {"owner": 24, "notes": "Auto created", "session": 2288, "timeslot": 2514}}, 
{"pk": 2515, "model": "meeting.scheduledsession", "fields": {"owner": 24, "notes": "Auto created", "session": 22081, "timeslot": 2920}}, 
{"pk": 2516, "model": "meeting.scheduledsession", "fields": {"owner": 24, "notes": "Auto created", "session": 22083, "timeslot": 2923}}, 
{"pk": 2517, "model": "meeting.scheduledsession", "fields": {"owner": 24, "notes": "Auto created", "session": 22085, "timeslot": 2924}}, 
{"pk": 2518, "model": "meeting.scheduledsession", "fields": {"owner": 24, "notes": "Auto created", "session": 2263, "timeslot": 2925}}, 
{"pk": 2519, "model": "meeting.scheduledsession", "fields": {"owner": 24, "notes": "Auto created", "session": 22089, "timeslot": 2926}}, 

{"pk": 206, "model": "meeting.room", "fields": {"meeting": 83, "name": "212/213"}},
{"pk": 207, "model": "meeting.room", "fields": {"meeting": 83, "name": "243"}},
{"pk": 208, "model": "meeting.room", "fields": {"meeting": 83, "name": "253"}},
{"pk": 209, "model": "meeting.room", "fields": {"meeting": 83, "name": "252A"}},
{"pk": 210, "model": "meeting.room", "fields": {"meeting": 83, "name": "241"}},
{"pk": 211, "model": "meeting.room", "fields": {"meeting": 83, "name": "252B"}},
{"pk": 212, "model": "meeting.room", "fields": {"meeting": 83, "name": "242AB"}},
{"pk": 213, "model": "meeting.room", "fields": {"meeting": 83, "name": "Maillot"}},
{"pk": 214, "model": "meeting.room", "fields": {"meeting": 83, "name": "Amphitheatre Bleu"}},
{"pk": 215, "model": "meeting.room", "fields": {"meeting": 83, "name": "Hall Maillot A"}},
{"pk": 216, "model": "meeting.room", "fields": {"meeting": 83, "name": "Salon Etoile d'Or (Concorde Hotel)"}},


{"pk": 2371, "model": "meeting.timeslot", "fields": {"name": "Morning Session I", "meeting": 83, "modified": "2012-02-23 00:00:00", "session": 2157, "location": 206, "show_location": true, "time": "2012-03-27 09:00:00", "duration": 9000, "type": "session"}},
{"pk": 2372, "model": "meeting.timeslot", "fields": {"name": "Afternoon Session III", "meeting": 83, "modified": "2012-02-23 00:00:00", "session": 2158, "location": 211, "show_location": true, "time": "2012-03-29 17:40:00", "duration": 7200, "type": "session"}},
{"pk": 2373, "model": "meeting.timeslot", "fields": {"name": "Afternoon Session I", "meeting": 83, "modified": "2012-02-23 00:00:00", "session": 2159, "location": 212, "show_location": true, "time": "2012-03-26 13:00:00", "duration": 7200, "type": "session"}},
{"pk": 2374, "model": "meeting.timeslot", "fields": {"name": "Morning Session I", "meeting": 83, "modified": "2012-02-23 00:00:00", "session": 2160, "location": 211, "show_location": true, "time": "2012-03-26 09:00:00", "duration": 9000, "type": "session"}},
{"pk": 2375, "model": "meeting.timeslot", "fields": {"name": "Morning Session I", "meeting": 83, "modified": "2012-02-23 00:00:00", "session": 2161, "location": 209, "show_location": true, "time": "2012-03-26 09:00:00", "duration": 9000, "type": "session"}},
{"pk": 2376, "model": "meeting.timeslot", "fields": {"name": "Afternoon Session I", "meeting": 83, "modified": "2012-02-23 00:00:00", "session": 2162, "location": 213, "show_location": true, "time": "2012-03-26 13:00:00", "duration": 7200, "type": "session"}},
{"pk": 2377, "model": "meeting.timeslot", "fields": {"name": "Morning Session I", "meeting": 83, "modified": "2012-02-23 00:00:00", "session": 12162, "location": 213, "show_location": true, "time": "2012-03-28 09:00:00", "duration": 9000, "type": "session"}},
{"pk": 2378, "model": "meeting.timeslot", "fields": {"name": "Afternoon Session II", "meeting": 83, "modified": "2012-02-23 00:00:00", "session": 2163, "location": 212, "show_location": true, "time": "2012-03-29 15:20:00", "duration": 7200, "type": "session"}},
{"pk": 2379, "model": "meeting.timeslot", "fields": {"name": "Afternoon Session II", "meeting": 83, "modified": "2012-02-23 00:00:00", "session": 2164, "location": 211, "show_location": true, "time": "2012-03-27 15:20:00", "duration": 6000, "type": "session"}},
{"pk": 2380, "model": "meeting.timeslot", "fields": {"name": "Afternoon Session III", "meeting": 83, "modified": "2012-02-23 00:00:00", "session": 2165, "location": 206, "show_location": true, "time": "2012-03-29 17:40:00", "duration": 7200, "type": "session"}},
{"pk": 2381, "model": "meeting.timeslot", "fields": {"name": "Morning Session I", "meeting": 83, "modified": "2012-02-23 00:00:00", "session": 2166, "location": 207, "show_location": true, "time": "2012-03-26 09:00:00", "duration": 9000, "type": "session"}},
{"pk": 2382, "model": "meeting.timeslot", "fields": {"name": "Afternoon Session III", "meeting": 83, "modified": "2012-02-23 00:00:00", "session": 2167, "location": 210, "show_location": true, "time": "2012-03-29 17:40:00", "duration": 7200, "type": "session"}},
{"pk": 2383, "model": "meeting.timeslot", "fields": {"name": "Afternoon Session I", "meeting": 83, "modified": "2012-02-23 00:00:00", "session": 2168, "location": 207, "show_location": true, "time": "2012-03-26 13:00:00", "duration": 7200, "type": "session"}},
{"pk": 2384, "model": "meeting.timeslot", "fields": {"name": "Afternoon Session III", "meeting": 83, "modified": "2012-02-23 00:00:00", "session": 2169, "location": 208, "show_location": true, "time": "2012-03-27 17:10:00", "duration": 3600, "type": "session"}},
{"pk": 2385, "model": "meeting.timeslot", "fields": {"name": "Afternoon Session II", "meeting": 83, "modified": "2012-02-23 00:00:00", "session": 2170, "location": 210, "show_location": true, "time": "2012-03-27 15:20:00", "duration": 6000, "type": "session"}},
{"pk": 2386, "model": "meeting.timeslot", "fields": {"name": "Morning Session I", "meeting": 83, "modified": "2012-02-23 00:00:00", "session": 2171, "location": 208, "show_location": true, "time": "2012-03-29 09:00:00", "duration": 9000, "type": "session"}},
{"pk": 2387, "model": "meeting.timeslot", "fields": {"name": "Afternoon Session I", "meeting": 83, "modified": "2012-02-23 00:00:00", "session": 2172, "location": 212, "show_location": true, "time": "2012-03-27 13:00:00", "duration": 7200, "type": "session"}},
{"pk": 2388, "model": "meeting.timeslot", "fields": {"name": "Afternoon Session I", "meeting": 83, "modified": "2012-02-23 00:00:00", "session": 2173, "location": 212, "show_location": true, "time": "2012-03-28 13:00:00", "duration": 7200, "type": "session"}},
{"pk": 2389, "model": "meeting.timeslot", "fields": {"name": "Morning Session I", "meeting": 83, "modified": "2012-02-23 00:00:00", "session": 2174, "location": 210, "show_location": true, "time": "2012-03-26 09:00:00", "duration": 9000, "type": "session"}},
{"pk": 2390, "model": "meeting.timeslot", "fields": {"name": "Afternoon Session I", "meeting": 83, "modified": "2012-02-23 00:00:00", "session": 12174, "location": 212, "show_location": true, "time": "2012-03-30 11:20:00", "duration": 3600, "type": "session"}},
{"pk": 2391, "model": "meeting.timeslot", "fields": {"name": "Morning Session I", "meeting": 83, "modified": "2012-02-23 00:00:00", "session": 2175, "location": 213, "show_location": true, "time": "2012-03-26 09:00:00", "duration": 9000, "type": "session"}},
{"pk": 2392, "model": "meeting.timeslot", "fields": {"name": "Afternoon Session II", "meeting": 83, "modified": "2012-02-23 00:00:00", "session": 12175, "location": 213, "show_location": true, "time": "2012-03-29 15:20:00", "duration": 7200, "type": "session"}},
{"pk": 2393, "model": "meeting.timeslot", "fields": {"name": "Morning Session I", "meeting": 83, "modified": "2012-03-05 13:56:51", "session": 22084, "location": 210, "show_location": true, "time": "2012-03-29 09:00:00", "duration": 9000, "type": "session"}},
{"pk": 2394, "model": "meeting.timeslot", "fields": {"name": "Afternoon Session I", "meeting": 83, "modified": "2012-02-23 00:00:00", "session": 2177, "location": 207, "show_location": true, "time": "2012-03-27 13:00:00", "duration": 7200, "type": "session"}},
{"pk": 2395, "model": "meeting.timeslot", "fields": {"name": "Afternoon Session I", "meeting": 83, "modified": "2012-02-23 00:00:00", "session": 2178, "location": 210, "show_location": true, "time": "2012-03-28 13:00:00", "duration": 7200, "type": "session"}},
{"pk": 2396, "model": "meeting.timeslot", "fields": {"name": "Afternoon Session II", "meeting": 83, "modified": "2012-02-23 00:00:00", "session": 2179, "location": 207, "show_location": true, "time": "2012-03-29 15:20:00", "duration": 7200, "type": "session"}},
{"pk": 2397, "model": "meeting.timeslot", "fields": {"name": "Afternoon Session II", "meeting": 83, "modified": "2012-02-23 00:00:00", "session": 2180, "location": 208, "show_location": true, "time": "2012-03-26 15:10:00", "duration": 3600, "type": "session"}},
{"pk": 2398, "model": "meeting.timeslot", "fields": {"name": "Afternoon Session III", "meeting": 83, "modified": "2012-02-23 00:00:00", "session": 2182, "location": 207, "show_location": true, "time": "2012-03-27 17:10:00", "duration": 3600, "type": "session"}},
{"pk": 2399, "model": "meeting.timeslot", "fields": {"name": "Morning Session I", "meeting": 83, "modified": "2012-03-01 08:29:17", "session": 2206, "location": 213, "show_location": true, "time": "2012-03-27 09:00:00", "duration": 9000, "type": "session"}},
{"pk": 2400, "model": "meeting.timeslot", "fields": {"name": "Morning Session I", "meeting": 83, "modified": "2012-02-23 00:00:00", "session": 2184, "location": 208, "show_location": true, "time": "2012-03-28 09:00:00", "duration": 9000, "type": "session"}},
{"pk": 2401, "model": "meeting.timeslot", "fields": {"name": "Morning Session I", "meeting": 83, "modified": "2012-02-23 00:00:00", "session": 2185, "location": 206, "show_location": true, "time": "2012-03-29 09:00:00", "duration": 9000, "type": "session"}},
{"pk": 2402, "model": "meeting.timeslot", "fields": {"name": "Afternoon Session I", "meeting": 83, "modified": "2012-02-23 00:00:00", "session": 2186, "location": 210, "show_location": true, "time": "2012-03-29 13:00:00", "duration": 7200, "type": "session"}},
{"pk": 2403, "model": "meeting.timeslot", "fields": {"name": "Morning Session I", "meeting": 83, "modified": "2012-02-23 00:00:00", "session": 2187, "location": 209, "show_location": true, "time": "2012-03-28 09:00:00", "duration": 9000, "type": "session"}},
{"pk": 2404, "model": "meeting.timeslot", "fields": {"name": "Morning Session I", "meeting": 83, "modified": "2012-02-23 00:00:00", "session": 2188, "location": 212, "show_location": true, "time": "2012-03-27 09:00:00", "duration": 9000, "type": "session"}},
{"pk": 2405, "model": "meeting.timeslot", "fields": {"name": "Morning Session I", "meeting": 83, "modified": "2012-02-23 00:00:00", "session": 12188, "location": 213, "show_location": true, "time": "2012-03-30 09:00:00", "duration": 7200, "type": "session"}},
{"pk": 2406, "model": "meeting.timeslot", "fields": {"name": "Morning Session I", "meeting": 83, "modified": "2012-02-23 00:00:00", "session": 2189, "location": 207, "show_location": true, "time": "2012-03-30 09:00:00", "duration": 7200, "type": "session"}},
{"pk": 2407, "model": "meeting.timeslot", "fields": {"name": "Afternoon Session I", "meeting": 83, "modified": "2012-02-23 00:00:00", "session": 2190, "location": 213, "show_location": true, "time": "2012-03-27 13:00:00", "duration": 7200, "type": "session"}},
{"pk": 2408, "model": "meeting.timeslot", "fields": {"name": "Afternoon Session I", "meeting": 83, "modified": "2012-02-23 00:00:00", "session": 2191, "location": 209, "show_location": true, "time": "2012-03-30 11:20:00", "duration": 3600, "type": "session"}},
{"pk": 2409, "model": "meeting.timeslot", "fields": {"name": "Morning Session I", "meeting": 83, "modified": "2012-02-23 00:00:00", "session": 2192, "location": 211, "show_location": true, "time": "2012-03-28 09:00:00", "duration": 9000, "type": "session"}},
{"pk": 2410, "model": "meeting.timeslot", "fields": {"name": "Morning Session I", "meeting": 83, "modified": "2012-02-23 00:00:00", "session": 12192, "location": 213, "show_location": true, "time": "2012-03-29 09:00:00", "duration": 9000, "type": "session"}},
{"pk": 2411, "model": "meeting.timeslot", "fields": {"name": "Morning Session I", "meeting": 83, "modified": "2012-02-23 00:00:00", "session": 2193, "location": 207, "show_location": true, "time": "2012-03-27 09:00:00", "duration": 9000, "type": "session"}},
{"pk": 2412, "model": "meeting.timeslot", "fields": {"name": "Morning Session I", "meeting": 83, "modified": "2012-02-23 00:00:00", "session": 12193, "location": 208, "show_location": true, "time": "2012-03-30 09:00:00", "duration": 7200, "type": "session"}},
{"pk": 2413, "model": "meeting.timeslot", "fields": {"name": "Morning Session I", "meeting": 83, "modified": "2012-02-23 00:00:00", "session": 2194, "location": 211, "show_location": true, "time": "2012-03-27 09:00:00", "duration": 9000, "type": "session"}},
{"pk": 2414, "model": "meeting.timeslot", "fields": {"name": "Afternoon Session III", "meeting": 83, "modified": "2012-02-23 00:00:00", "session": 12194, "location": 213, "show_location": true, "time": "2012-03-29 17:40:00", "duration": 7200, "type": "session"}},
{"pk": 2415, "model": "meeting.timeslot", "fields": {"name": "Afternoon Session II", "meeting": 83, "modified": "2012-02-23 00:00:00", "session": 2195, "location": 212, "show_location": true, "time": "2012-03-28 15:10:00", "duration": 3600, "type": "session"}},
{"pk": 2416, "model": "meeting.timeslot", "fields": {"name": "Morning Session I", "meeting": 83, "modified": "2012-02-23 00:00:00", "session": 12195, "location": 211, "show_location": true, "time": "2012-03-30 09:00:00", "duration": 7200, "type": "session"}},
{"pk": 2417, "model": "meeting.timeslot", "fields": {"name": "Afternoon Session II", "meeting": 83, "modified": "2012-02-24 00:00:00", "session": 2196, "location": 213, "show_location": true, "time": "2012-03-26 15:10:00", "duration": 3600, "type": "session"}},
{"pk": 2418, "model": "meeting.timeslot", "fields": {"name": "Afternoon Session I", "meeting": 83, "modified": "2012-02-24 00:00:00", "session": 12196, "location": 211, "show_location": true, "time": "2012-03-27 13:00:00", "duration": 7200, "type": "session"}},
{"pk": 2419, "model": "meeting.timeslot", "fields": {"name": "Afternoon Session I", "meeting": 83, "modified": "2012-02-23 00:00:00", "session": 2197, "location": 207, "show_location": true, "time": "2012-03-28 13:00:00", "duration": 7200, "type": "session"}},
{"pk": 2420, "model": "meeting.timeslot", "fields": {"name": "Afternoon Session II", "meeting": 83, "modified": "2012-02-23 00:00:00", "session": 2198, "location": 206, "show_location": true, "time": "2012-03-26 15:10:00", "duration": 3600, "type": "session"}},
{"pk": 2421, "model": "meeting.timeslot", "fields": {"name": "Afternoon Session II", "meeting": 83, "modified": "2012-02-23 00:00:00", "session": 2199, "location": 211, "show_location": true, "time": "2012-03-28 15:10:00", "duration": 3600, "type": "session"}},
{"pk": 2422, "model": "meeting.timeslot", "fields": {"name": "Afternoon Session II", "meeting": 83, "modified": "2012-02-23 00:00:00", "session": 2200, "location": 210, "show_location": true, "time": "2012-03-30 12:30:00", "duration": 3600, "type": "session"}},
{"pk": 2423, "model": "meeting.timeslot", "fields": {"name": "Morning Session I", "meeting": 83, "modified": "2012-02-23 00:00:00", "session": 2201, "location": 211, "show_location": true, "time": "2012-03-29 09:00:00", "duration": 9000, "type": "session"}},
{"pk": 2424, "model": "meeting.timeslot", "fields": {"name": "Morning Session I", "meeting": 83, "modified": "2012-02-23 00:00:00", "session": 2202, "location": 212, "show_location": true, "time": "2012-03-26 09:00:00", "duration": 9000, "type": "session"}},
{"pk": 2425, "model": "meeting.timeslot", "fields": {"name": "Morning Session I", "meeting": 83, "modified": "2012-02-23 00:00:00", "session": 2203, "location": 210, "show_location": true, "time": "2012-03-28 09:00:00", "duration": 9000, "type": "session"}},
{"pk": 2426, "model": "meeting.timeslot", "fields": {"name": "Afternoon Session II", "meeting": 83, "modified": "2012-02-23 00:00:00", "session": 2204, "location": 208, "show_location": true, "time": "2012-03-29 15:20:00", "duration": 7200, "type": "session"}},
{"pk": 2427, "model": "meeting.timeslot", "fields": {"name": "Afternoon Session II", "meeting": 83, "modified": "2012-02-23 00:00:00", "session": 2205, "location": 209, "show_location": true, "time": "2012-03-29 15:20:00", "duration": 7200, "type": "session"}},
{"pk": 2428, "model": "meeting.timeslot", "fields": {"name": "Morning Session I", "meeting": 83, "modified": "2012-03-01 08:28:55", "session": 2183, "location": 212, "show_location": true, "time": "2012-03-28 09:00:00", "duration": 9000, "type": "session"}},
{"pk": 2429, "model": "meeting.timeslot", "fields": {"name": "Afternoon Session II", "meeting": 83, "modified": "2012-02-23 00:00:00", "session": 2207, "location": 209, "show_location": true, "time": "2012-03-28 15:10:00", "duration": 3600, "type": "session"}},
{"pk": 2430, "model": "meeting.timeslot", "fields": {"name": "Afternoon Session I", "meeting": 83, "modified": "2012-02-23 00:00:00", "session": 2208, "location": 207, "show_location": true, "time": "2012-03-29 13:00:00", "duration": 7200, "type": "session"}},
{"pk": 2431, "model": "meeting.timeslot", "fields": {"name": "Afternoon Session III", "meeting": 83, "modified": "2012-02-23 00:00:00", "session": 2209, "location": 209, "show_location": true, "time": "2012-03-29 17:40:00", "duration": 7200, "type": "session"}},
{"pk": 2432, "model": "meeting.timeslot", "fields": {"name": "Afternoon Session III", "meeting": 83, "modified": "2012-02-23 00:00:00", "session": 2210, "location": 211, "show_location": true, "time": "2012-03-27 17:10:00", "duration": 3600, "type": "session"}},
{"pk": 2433, "model": "meeting.timeslot", "fields": {"name": "Afternoon Session I", "meeting": 83, "modified": "2012-02-23 00:00:00", "session": 2211, "location": 208, "show_location": true, "time": "2012-03-28 13:00:00", "duration": 7200, "type": "session"}},
{"pk": 2434, "model": "meeting.timeslot", "fields": {"name": "Afternoon Session II", "meeting": 83, "modified": "2012-02-23 00:00:00", "session": 2212, "location": 213, "show_location": true, "time": "2012-03-27 15:20:00", "duration": 6000, "type": "session"}},
{"pk": 2435, "model": "meeting.timeslot", "fields": {"name": "Afternoon Session I", "meeting": 83, "modified": "2012-02-23 00:00:00", "session": 2213, "location": 210, "show_location": true, "time": "2012-03-30 11:20:00", "duration": 3600, "type": "session"}},
{"pk": 2436, "model": "meeting.timeslot", "fields": {"name": "Afternoon Session III", "meeting": 83, "modified": "2012-02-23 00:00:00", "session": 2214, "location": 212, "show_location": true, "time": "2012-03-27 17:10:00", "duration": 3600, "type": "session"}},
{"pk": 2437, "model": "meeting.timeslot", "fields": {"name": "Afternoon Session III", "meeting": 83, "modified": "2012-02-23 00:00:00", "session": 2215, "location": 208, "show_location": true, "time": "2012-03-29 17:40:00", "duration": 7200, "type": "session"}},
{"pk": 2438, "model": "meeting.timeslot", "fields": {"name": "Afternoon Session I", "meeting": 83, "modified": "2012-02-23 00:00:00", "session": 2216, "location": 211, "show_location": true, "time": "2012-03-26 13:00:00", "duration": 7200, "type": "session"}},
{"pk": 2439, "model": "meeting.timeslot", "fields": {"name": "Afternoon Session II", "meeting": 83, "modified": "2012-02-23 00:00:00", "session": 2216, "location": 211, "show_location": true, "time": "2012-03-26 15:10:00", "duration": 3600, "type": "session"}},
{"pk": 2440, "model": "meeting.timeslot", "fields": {"name": "Afternoon Session III", "meeting": 83, "modified": "2012-02-23 00:00:00", "session": 2217, "location": 207, "show_location": true, "time": "2012-03-29 17:40:00", "duration": 7200, "type": "session"}},
{"pk": 2441, "model": "meeting.timeslot", "fields": {"name": "Afternoon Session I", "meeting": 83, "modified": "2012-02-23 00:00:00", "session": 2218, "location": 209, "show_location": true, "time": "2012-03-28 13:00:00", "duration": 7200, "type": "session"}},
{"pk": 2442, "model": "meeting.timeslot", "fields": {"name": "Afternoon Session III", "meeting": 83, "modified": "2012-02-23 00:00:00", "session": 2219, "location": 212, "show_location": true, "time": "2012-03-29 17:40:00", "duration": 7200, "type": "session"}},
{"pk": 2443, "model": "meeting.timeslot", "fields": {"name": "Afternoon Session II", "meeting": 83, "modified": "2012-02-23 00:00:00", "session": 2220, "location": 206, "show_location": true, "time": "2012-03-29 15:20:00", "duration": 7200, "type": "session"}},
{"pk": 2444, "model": "meeting.timeslot", "fields": {"name": "Morning Session I", "meeting": 83, "modified": "2012-02-23 00:00:00", "session": 2221, "location": 210, "show_location": true, "time": "2012-03-30 09:00:00", "duration": 7200, "type": "session"}},
{"pk": 2445, "model": "meeting.timeslot", "fields": {"name": "Morning Session I", "meeting": 83, "modified": "2012-02-23 00:00:00", "session": 2222, "location": 208, "show_location": true, "time": "2012-03-26 09:00:00", "duration": 9000, "type": "session"}},
{"pk": 2446, "model": "meeting.timeslot", "fields": {"name": "Afternoon Session II", "meeting": 83, "modified": "2012-02-23 00:00:00", "session": 2223, "location": 209, "show_location": true, "time": "2012-03-27 15:20:00", "duration": 6000, "type": "session"}},
{"pk": 2447, "model": "meeting.timeslot", "fields": {"name": "Afternoon Session III", "meeting": 83, "modified": "2012-02-23 00:00:00", "session": 2223, "location": 209, "show_location": true, "time": "2012-03-27 17:10:00", "duration": 3600, "type": "session"}},
{"pk": 2448, "model": "meeting.timeslot", "fields": {"name": "Afternoon Session I", "meeting": 83, "modified": "2012-02-23 00:00:00", "session": 2224, "location": 213, "show_location": true, "time": "2012-03-30 11:20:00", "duration": 3600, "type": "session"}},
{"pk": 2449, "model": "meeting.timeslot", "fields": {"name": "Morning Session I", "meeting": 83, "modified": "2012-02-23 00:00:00", "session": 2225, "location": 206, "show_location": true, "time": "2012-03-28 09:00:00", "duration": 9000, "type": "session"}},
{"pk": 2450, "model": "meeting.timeslot", "fields": {"name": "Afternoon Session III", "meeting": 83, "modified": "2012-02-23 00:00:00", "session": 2227, "location": 206, "show_location": true, "time": "2012-03-27 17:10:00", "duration": 3600, "type": "session"}},
{"pk": 2451, "model": "meeting.timeslot", "fields": {"name": "Morning Session I", "meeting": 83, "modified": "2012-02-23 00:00:00", "session": 2228, "location": 206, "show_location": true, "time": "2012-03-30 09:00:00", "duration": 7200, "type": "session"}},
{"pk": 2452, "model": "meeting.timeslot", "fields": {"name": "Morning Session I", "meeting": 83, "modified": "2012-02-23 00:00:00", "session": 2229, "location": 207, "show_location": true, "time": "2012-03-29 09:00:00", "duration": 9000, "type": "session"}},
{"pk": 2453, "model": "meeting.timeslot", "fields": {"name": "Afternoon Session II", "meeting": 83, "modified": "2012-02-23 00:00:00", "session": 2230, "location": 209, "show_location": true, "time": "2012-03-26 15:10:00", "duration": 3600, "type": "session"}},
{"pk": 2454, "model": "meeting.timeslot", "fields": {"name": "Morning Session I", "meeting": 83, "modified": "2012-02-23 00:00:00", "session": 2231, "location": 210, "show_location": true, "time": "2012-03-27 09:00:00", "duration": 9000, "type": "session"}},
{"pk": 2455, "model": "meeting.timeslot", "fields": {"name": "Afternoon Session I", "meeting": 83, "modified": "2012-02-23 00:00:00", "session": 2232, "location": 211, "show_location": true, "time": "2012-03-30 11:20:00", "duration": 3600, "type": "session"}},
{"pk": 2456, "model": "meeting.timeslot", "fields": {"name": "Afternoon Session II", "meeting": 83, "modified": "2012-02-23 00:00:00", "session": 2232, "location": 211, "show_location": true, "time": "2012-03-30 12:30:00", "duration": 3600, "type": "session"}},
{"pk": 2457, "model": "meeting.timeslot", "fields": {"name": "Afternoon Session I", "meeting": 83, "modified": "2012-02-23 00:00:00", "session": 2233, "location": 212, "show_location": true, "time": "2012-03-29 13:00:00", "duration": 7200, "type": "session"}},
{"pk": 2458, "model": "meeting.timeslot", "fields": {"name": "Afternoon Session II", "meeting": 83, "modified": "2012-02-23 00:00:00", "session": 2234, "location": 207, "show_location": true, "time": "2012-03-26 15:10:00", "duration": 3600, "type": "session"}},
{"pk": 2459, "model": "meeting.timeslot", "fields": {"name": "Morning Session I", "meeting": 83, "modified": "2012-02-23 00:00:00", "session": 2235, "location": 212, "show_location": true, "time": "2012-03-29 09:00:00", "duration": 9000, "type": "session"}},
{"pk": 2460, "model": "meeting.timeslot", "fields": {"name": "Afternoon Session II", "meeting": 83, "modified": "2012-02-23 00:00:00", "session": 2236, "location": 206, "show_location": true, "time": "2012-03-27 15:20:00", "duration": 6000, "type": "session"}},
{"pk": 2461, "model": "meeting.timeslot", "fields": {"name": "Afternoon Session I", "meeting": 83, "modified": "2012-02-23 00:00:00", "session": 2237, "location": 210, "show_location": true, "time": "2012-03-27 13:00:00", "duration": 7200, "type": "session"}},
{"pk": 2462, "model": "meeting.timeslot", "fields": {"name": "Afternoon Session I", "meeting": 83, "modified": "2012-02-23 00:00:00", "session": 2238, "location": 209, "show_location": true, "time": "2012-03-27 13:00:00", "duration": 7200, "type": "session"}},
{"pk": 2463, "model": "meeting.timeslot", "fields": {"name": "Afternoon Session II", "meeting": 83, "modified": "2012-02-23 00:00:00", "session": 12238, "location": 210, "show_location": true, "time": "2012-03-29 15:20:00", "duration": 7200, "type": "session"}},
{"pk": 2464, "model": "meeting.timeslot", "fields": {"name": "Afternoon Session II", "meeting": 83, "modified": "2012-02-23 00:00:00", "session": 2239, "location": 208, "show_location": true, "time": "2012-03-30 12:30:00", "duration": 3600, "type": "session"}},
{"pk": 2465, "model": "meeting.timeslot", "fields": {"name": "Afternoon Session II", "meeting": 83, "modified": "2012-02-23 00:00:00", "session": 2240, "location": 213, "show_location": true, "time": "2012-03-28 15:10:00", "duration": 3600, "type": "session"}},
{"pk": 2466, "model": "meeting.timeslot", "fields": {"name": "Afternoon Session I", "meeting": 83, "modified": "2012-02-23 00:00:00", "session": 2241, "location": 208, "show_location": true, "time": "2012-03-29 13:00:00", "duration": 7200, "type": "session"}},
{"pk": 2467, "model": "meeting.timeslot", "fields": {"name": "Morning Session I", "meeting": 83, "modified": "2012-02-23 00:00:00", "session": 2242, "location": 208, "show_location": true, "time": "2012-03-27 09:00:00", "duration": 9000, "type": "session"}},
{"pk": 2468, "model": "meeting.timeslot", "fields": {"name": "Afternoon Session I", "meeting": 83, "modified": "2012-02-23 00:00:00", "session": 2243, "location": 206, "show_location": true, "time": "2012-03-27 13:00:00", "duration": 7200, "type": "session"}},
{"pk": 2469, "model": "meeting.timeslot", "fields": {"name": "Afternoon Session III", "meeting": 83, "modified": "2012-02-23 00:00:00", "session": 2244, "location": 210, "show_location": true, "time": "2012-03-27 17:10:00", "duration": 3600, "type": "session"}},
{"pk": 2470, "model": "meeting.timeslot", "fields": {"name": "Afternoon Session II", "meeting": 83, "modified": "2012-02-23 00:00:00", "session": 2245, "location": 212, "show_location": true, "time": "2012-03-27 15:20:00", "duration": 6000, "type": "session"}},
{"pk": 2471, "model": "meeting.timeslot", "fields": {"name": "Afternoon Session I", "meeting": 83, "modified": "2012-02-23 00:00:00", "session": 2246, "location": 206, "show_location": true, "time": "2012-03-28 13:00:00", "duration": 7200, "type": "session"}},
{"pk": 2472, "model": "meeting.timeslot", "fields": {"name": "Afternoon Session II", "meeting": 83, "modified": "2012-02-23 00:00:00", "session": 2247, "location": 212, "show_location": true, "time": "2012-03-26 15:10:00", "duration": 3600, "type": "session"}},
{"pk": 2473, "model": "meeting.timeslot", "fields": {"name": "Afternoon Session I", "meeting": 83, "modified": "2012-02-23 00:00:00", "session": 2248, "location": 208, "show_location": true, "time": "2012-03-26 13:00:00", "duration": 7200, "type": "session"}},
{"pk": 2474, "model": "meeting.timeslot", "fields": {"name": "Morning Session I", "meeting": 83, "modified": "2012-02-23 00:00:00", "session": 2249, "location": 207, "show_location": true, "time": "2012-03-28 09:00:00", "duration": 9000, "type": "session"}},
{"pk": 2475, "model": "meeting.timeslot", "fields": {"name": "Afternoon Session I", "meeting": 83, "modified": "2012-02-23 00:00:00", "session": 2250, "location": 208, "show_location": true, "time": "2012-03-27 13:00:00", "duration": 7200, "type": "session"}},
{"pk": 2476, "model": "meeting.timeslot", "fields": {"name": "Afternoon Session I", "meeting": 83, "modified": "2012-02-23 00:00:00", "session": 2251, "location": 206, "show_location": true, "time": "2012-03-29 13:00:00", "duration": 7200, "type": "session"}},
{"pk": 2477, "model": "meeting.timeslot", "fields": {"name": "Afternoon Session II", "meeting": 83, "modified": "2012-02-23 00:00:00", "session": 2252, "location": 208, "show_location": true, "time": "2012-03-28 15:10:00", "duration": 3600, "type": "session"}},
{"pk": 2478, "model": "meeting.timeslot", "fields": {"name": "Afternoon Session I", "meeting": 83, "modified": "2012-02-23 00:00:00", "session": 2253, "location": 208, "show_location": true, "time": "2012-03-27 13:00:00", "duration": 7200, "type": "session"}},
{"pk": 2479, "model": "meeting.timeslot", "fields": {"name": "Afternoon Session II", "meeting": 83, "modified": "2012-02-23 00:00:00", "session": 2254, "location": 207, "show_location": true, "time": "2012-03-28 15:10:00", "duration": 3600, "type": "session"}},
{"pk": 2480, "model": "meeting.timeslot", "fields": {"name": "Afternoon Session II", "meeting": 83, "modified": "2012-02-23 00:00:00", "session": 2255, "location": 211, "show_location": true, "time": "2012-03-29 15:20:00", "duration": 7200, "type": "session"}},
{"pk": 2481, "model": "meeting.timeslot", "fields": {"name": "Afternoon Session I", "meeting": 83, "modified": "2012-02-23 00:00:00", "session": 2256, "location": 211, "show_location": true, "time": "2012-03-28 13:00:00", "duration": 7200, "type": "session"}},
{"pk": 2482, "model": "meeting.timeslot", "fields": {"name": "Morning Session I", "meeting": 83, "modified": "2012-02-23 00:00:00", "session": 2257, "location": 206, "show_location": true, "time": "2012-03-26 09:00:00", "duration": 9000, "type": "session"}},
{"pk": 2483, "model": "meeting.timeslot", "fields": {"name": "Afternoon Session II", "meeting": 83, "modified": "2012-02-23 00:00:00", "session": 2258, "location": 210, "show_location": true, "time": "2012-03-28 15:10:00", "duration": 3600, "type": "session"}},
{"pk": 2484, "model": "meeting.timeslot", "fields": {"name": "Afternoon Session I", "meeting": 83, "modified": "2012-02-23 00:00:00", "session": 2259, "location": 209, "show_location": true, "time": "2012-03-29 13:00:00", "duration": 7200, "type": "session"}},
{"pk": 2485, "model": "meeting.timeslot", "fields": {"name": "Afternoon Session I", "meeting": 83, "modified": "2012-02-23 00:00:00", "session": 2260, "location": 211, "show_location": true, "time": "2012-03-29 13:00:00", "duration": 7200, "type": "session"}},
{"pk": 2486, "model": "meeting.timeslot", "fields": {"name": "Morning Session I", "meeting": 83, "modified": "2012-02-23 00:00:00", "session": 12260, "location": 212, "show_location": true, "time": "2012-03-30 09:00:00", "duration": 7200, "type": "session"}},
{"pk": 2487, "model": "meeting.timeslot", "fields": {"name": "Afternoon Session II", "meeting": 83, "modified": "2012-02-23 00:00:00", "session": 2261, "location": 206, "show_location": true, "time": "2012-03-28 15:10:00", "duration": 3600, "type": "session"}},
{"pk": 2488, "model": "meeting.timeslot", "fields": {"name": "Afternoon Session I", "meeting": 83, "modified": "2012-02-23 00:00:00", "session": 2262, "location": 213, "show_location": true, "time": "2012-03-29 13:00:00", "duration": 7200, "type": "session"}},
{"pk": 2489, "model": "meeting.timeslot", "fields": {"name": "Afternoon Session I", "meeting": 83, "modified": "2012-03-24 03:15:31", "session": 2281, "location": 209, "show_location": true, "time": "2012-03-26 13:00:00", "duration": 7200, "type": "session"}},
{"pk": 2490, "model": "meeting.timeslot", "fields": {"name": "Afternoon Session I", "meeting": 83, "modified": "2012-02-23 00:00:00", "session": 2265, "location": 206, "show_location": true, "time": "2012-03-26 13:00:00", "duration": 7200, "type": "session"}},
{"pk": 2491, "model": "meeting.timeslot", "fields": {"name": "Afternoon Session I", "meeting": 83, "modified": "2012-02-23 00:00:00", "session": 2266, "location": 208, "show_location": true, "time": "2012-03-30 11:20:00", "duration": 3600, "type": "session"}},
{"pk": 2492, "model": "meeting.timeslot", "fields": {"name": "Afternoon Session II", "meeting": 83, "modified": "2012-02-23 00:00:00", "session": 2267, "location": 212, "show_location": true, "time": "2012-03-30 12:30:00", "duration": 3600, "type": "session"}},
{"pk": 2493, "model": "meeting.timeslot", "fields": {"name": "Morning Session I", "meeting": 83, "modified": "2012-02-23 00:00:00", "session": 2268, "location": 209, "show_location": true, "time": "2012-03-30 09:00:00", "duration": 7200, "type": "session"}},
{"pk": 2494, "model": "meeting.timeslot", "fields": {"name": "Afternoon Session I", "meeting": 83, "modified": "2012-02-23 00:00:00", "session": 2270, "location": 206, "show_location": true, "time": "2012-03-30 11:20:00", "duration": 3600, "type": "session"}},
{"pk": 2495, "model": "meeting.timeslot", "fields": {"name": "Afternoon Session II", "meeting": 83, "modified": "2012-02-23 00:00:00", "session": 2270, "location": 206, "show_location": true, "time": "2012-03-30 12:30:00", "duration": 3600, "type": "session"}},
{"pk": 2496, "model": "meeting.timeslot", "fields": {"name": "Afternoon Session II", "meeting": 83, "modified": "2012-02-23 00:00:00", "session": 2271, "location": 208, "show_location": true, "time": "2012-03-27 15:20:00", "duration": 6000, "type": "session"}},
{"pk": 2497, "model": "meeting.timeslot", "fields": {"name": "IETF Operations and Administration Plenary", "meeting": 83, "modified": "2012-02-23 00:00:00", "session": 2272, "location": 214, "show_location": true, "time": "2012-03-28 16:30:00", "duration": 10800, "type": "plenary"}},
{"pk": 2498, "model": "meeting.timeslot", "fields": {"name": "Technical Plenary", "meeting": 83, "modified": "2012-02-23 00:00:00", "session": 2273, "location": 214, "show_location": true, "time": "2012-03-26 16:30:00", "duration": 10800, "type": "plenary"}},
{"pk": 2499, "model": "meeting.timeslot", "fields": {"name": "Tools for Creating Internet-Drafts Tutorial", "meeting": 83, "modified": "2012-02-23 00:00:00", "session": 2274, "location": 210, "show_location": true, "time": "2012-03-25 13:00:00", "duration": 6600, "type": "other"}},
{"pk": 2500, "model": "meeting.timeslot", "fields": {"name": "Newcomers' Orientation", "meeting": 83, "modified": "2012-02-23 00:00:00", "session": 2275, "location": 211, "show_location": true, "time": "2012-03-25 13:00:00", "duration": 6600, "type": "other"}},
{"pk": 2501, "model": "meeting.timeslot", "fields": {"name": "Operations, Administration, and Maintenance Tutorial", "meeting": 83, "modified": "2012-02-23 00:00:00", "session": 2276, "location": 210, "show_location": true, "time": "2012-03-25 15:00:00", "duration": 6600, "type": "other"}},
{"pk": 2502, "model": "meeting.timeslot", "fields": {"name": "Newcomers' Orientation (French)", "meeting": 83, "modified": "2012-02-23 00:00:00", "session": 2277, "location": 211, "show_location": true, "time": "2012-03-25 15:00:00", "duration": 6600, "type": "other"}},
{"pk": 2503, "model": "meeting.timeslot", "fields": {"name": "Meetecho Tutorial for Participants and WG Chairs", "meeting": 83, "modified": "2012-02-23 00:00:00", "session": 2278, "location": 209, "show_location": true, "time": "2012-03-25 13:00:00", "duration": 6600, "type": "other"}},
{"pk": 2504, "model": "meeting.timeslot", "fields": {"name": "Welcome Reception", "meeting": 83, "modified": "2012-02-23 00:00:00", "session": 2279, "location": 215, "show_location": true, "time": "2012-03-25 17:00:00", "duration": 7200, "type": "other"}},
{"pk": 2505, "model": "meeting.timeslot", "fields": {"name": "Newcomers' Meet and Greet (open to Newcomers and WG chairs only)", "meeting": 83, "modified": "2012-02-23 00:00:00", "session": 2280, "location": 216, "show_location": true, "time": "2012-03-25 16:00:00", "duration": 3600, "type": "other"}},
{"pk": 2506, "model": "meeting.timeslot", "fields": {"name": "Afternoon Session I", "meeting": 83, "modified": "2012-03-24 03:16:22", "session": 22087, "location": 210, "show_location": true, "time": "2012-03-26 13:00:00", "duration": 7200, "type": "session"}},
{"pk": 2507, "model": "meeting.timeslot", "fields": {"name": "Afternoon Session II", "meeting": 83, "modified": "2012-02-23 00:00:00", "session": 2282, "location": 210, "show_location": true, "time": "2012-03-26 15:10:00", "duration": 3600, "type": "session"}},
{"pk": 2508, "model": "meeting.timeslot", "fields": {"name": "Morning Session I", "meeting": 83, "modified": "2012-02-23 00:00:00", "session": 2283, "location": 209, "show_location": true, "time": "2012-03-27 09:00:00", "duration": 9000, "type": "session"}},
{"pk": 2509, "model": "meeting.timeslot", "fields": {"name": "Afternoon Session II", "meeting": 83, "modified": "2012-02-23 00:00:00", "session": 2284, "location": 207, "show_location": true, "time": "2012-03-27 15:20:00", "duration": 6000, "type": "session"}},
{"pk": 2510, "model": "meeting.timeslot", "fields": {"name": "Afternoon Session I", "meeting": 83, "modified": "2012-02-23 00:00:00", "session": 2285, "location": 213, "show_location": true, "time": "2012-03-28 13:00:00", "duration": 7200, "type": "session"}},
{"pk": 2511, "model": "meeting.timeslot", "fields": {"name": "Morning Session I", "meeting": 83, "modified": "2012-02-23 00:00:00", "session": 2286, "location": 209, "show_location": true, "time": "2012-03-29 09:00:00", "duration": 9000, "type": "session"}},
{"pk": 2512, "model": "meeting.timeslot", "fields": {"name": "Afternoon Session I", "meeting": 83, "modified": "2012-02-23 00:00:00", "session": 2287, "location": 207, "show_location": true, "time": "2012-03-30 11:20:00", "duration": 3600, "type": "session"}},
{"pk": 2513, "model": "meeting.timeslot", "fields": {"name": "Afternoon Session II", "meeting": 83, "modified": "2012-02-23 00:00:00", "session": 2287, "location": 207, "show_location": true, "time": "2012-03-30 12:30:00", "duration": 3600, "type": "session"}},
{"pk": 2514, "model": "meeting.timeslot", "fields": {"name": "IEPG Meeting", "meeting": 83, "modified": "2012-02-24 00:00:00", "session": 2288, "location": 210, "show_location": true, "time": "2012-03-25 10:00:00", "duration": 7200, "type": "other"}},

{"pk": 2898, "model": "meeting.timeslot", "fields": {"name": "IETF Registration", "meeting": 83, "modified": "2012-02-26 00:36:50", "location": null, "show_location": true, "time": "2012-03-25 11:00:00", "duration": 28800, "type": "reg"}},
{"pk": 2899, "model": "meeting.timeslot", "fields": {"name": "IETF Registration", "meeting": 83, "modified": "2012-02-26 00:36:50", "location": null, "show_location": true, "time": "2012-03-26 08:00:00", "duration": 36000, "type": "reg"}},
{"pk": 2900, "model": "meeting.timeslot", "fields": {"name": "IETF Registration", "meeting": 83, "modified": "2012-02-26 00:36:50", "location": null, "show_location": true, "time": "2012-03-27 08:00:00", "duration": 36000, "type": "reg"}},
{"pk": 2901, "model": "meeting.timeslot", "fields": {"name": "IETF Registration", "meeting": 83, "modified": "2012-02-26 00:36:50", "location": null, "show_location": true, "time": "2012-03-28 08:00:00", "duration": 32400, "type": "reg"}},
{"pk": 2902, "model": "meeting.timeslot", "fields": {"name": "IETF Registration", "meeting": 83, "modified": "2012-02-26 00:36:50", "location": null, "show_location": true, "time": "2012-03-29 08:00:00", "duration": 32400, "type": "reg"}},
{"pk": 2903, "model": "meeting.timeslot", "fields": {"name": "IETF Registration", "meeting": 83, "modified": "2012-02-26 00:36:50", "location": null, "show_location": true, "time": "2012-03-30 08:00:00", "duration": 10800, "type": "reg"}},
{"pk": 2904, "model": "meeting.timeslot", "fields": {"name": "Break", "meeting": 83, "modified": "2012-02-26 00:36:50", "location": null, "show_location": true, "time": "2012-03-25 11:30:00", "duration": 5400, "type": "break"}},
{"pk": 2905, "model": "meeting.timeslot", "fields": {"name": "Break", "meeting": 83, "modified": "2012-02-26 00:36:50", "location": null, "show_location": true, "time": "2012-03-26 11:30:00", "duration": 5400, "type": "break"}},
{"pk": 2906, "model": "meeting.timeslot", "fields": {"name": "Break", "meeting": 83, "modified": "2012-02-26 00:36:50", "location": null, "show_location": true, "time": "2012-03-27 11:30:00", "duration": 5400, "type": "break"}},
{"pk": 2907, "model": "meeting.timeslot", "fields": {"name": "Break", "meeting": 83, "modified": "2012-02-26 00:36:50", "location": null, "show_location": true, "time": "2012-03-28 11:30:00", "duration": 5400, "type": "break"}},
{"pk": 2908, "model": "meeting.timeslot", "fields": {"name": "Break", "meeting": 83, "modified": "2012-02-26 00:36:50", "location": null, "show_location": true, "time": "2012-03-29 11:30:00", "duration": 5400, "type": "break"}},
{"pk": 2909, "model": "meeting.timeslot", "fields": {"name": "Beverages", "meeting": 83, "modified": "2012-02-26 00:36:50", "location": null, "show_location": true, "time": "2012-03-26 08:00:00", "duration": 3600, "type": "break"}},
{"pk": 2910, "model": "meeting.timeslot", "fields": {"name": "Beverages", "meeting": 83, "modified": "2012-02-26 00:36:50", "location": null, "show_location": true, "time": "2012-03-27 08:00:00", "duration": 3600, "type": "break"}},
{"pk": 2911, "model": "meeting.timeslot", "fields": {"name": "Beverages", "meeting": 83, "modified": "2012-02-26 00:36:50", "location": null, "show_location": true, "time": "2012-03-28 08:00:00", "duration": 3600, "type": "break"}},
{"pk": 2912, "model": "meeting.timeslot", "fields": {"name": "Beverages", "meeting": 83, "modified": "2012-02-26 00:36:50", "location": null, "show_location": true, "time": "2012-03-29 08:00:00", "duration": 3600, "type": "break"}},
{"pk": 2913, "model": "meeting.timeslot", "fields": {"name": "Beverages", "meeting": 83, "modified": "2012-02-26 00:36:50", "location": null, "show_location": true, "time": "2012-03-30 08:00:00", "duration": 3600, "type": "break"}},
{"pk": 2914, "model": "meeting.timeslot", "fields": {"name": "Beverage and Snack Break I", "meeting": 83, "modified": "2012-02-26 00:36:50", "location": null, "show_location": true, "time": "2012-03-26 16:10:00", "duration": 1200, "type": "break"}},
{"pk": 2915, "model": "meeting.timeslot", "fields": {"name": "Beverage and Snack Break I", "meeting": 83, "modified": "2012-02-26 00:36:50", "location": null, "show_location": true, "time": "2012-03-27 15:00:00", "duration": 1200, "type": "break"}},
{"pk": 2916, "model": "meeting.timeslot", "fields": {"name": "Beverage and Snack Break I", "meeting": 83, "modified": "2012-02-26 00:36:50", "location": null, "show_location": true, "time": "2012-03-28 16:10:00", "duration": 1200, "type": "break"}},
{"pk": 2917, "model": "meeting.timeslot", "fields": {"name": "Beverage and Snack Break I", "meeting": 83, "modified": "2012-02-26 00:36:50", "location": null, "show_location": true, "time": "2012-03-30 11:00:00", "duration": 1200, "type": "break"}},
{"pk": 2918, "model": "meeting.timeslot", "fields": {"name": "Beverage and Snack Break II", "meeting": 83, "modified": "2012-02-26 00:36:50", "location": null, "show_location": true, "time": "2012-03-29 17:20:00", "duration": 1200, "type": "break"}},
{"pk": 2919, "model": "meeting.timeslot", "fields": {"name": "Beverage Break", "meeting": 83, "modified": "2012-02-26 00:36:50", "location": null, "show_location": true, "time": "2012-03-29 15:00:00", "duration": 1200, "type": "break"}},
{"pk": 2920, "model": "meeting.timeslot", "fields": {"name": "", "meeting": 83, "modified": "2012-02-27 19:16:01", "location": 213, "show_location": true, "time": "2012-03-27 17:10:00", "duration": 3600, "type": "session"}},
{"pk": 2921, "model": "meeting.timeslot", "fields": {"name": "", "meeting": 83, "modified": "2012-02-27 19:21:15", "location": 213, "show_location": true, "time": "2012-03-30 12:30:00", "duration": 3600, "type": "session"}},
{"pk": 2923, "model": "meeting.timeslot", "fields": {"name": "Code Sprint", "meeting": 83, "modified": "2012-03-05 11:15:18", "location": 215, "show_location": true, "time": "2012-03-24 09:30:00", "duration": 30600, "type": "other"}},
{"pk": 2924, "model": "meeting.timeslot", "fields": {"name": "Afternoon Session I", "meeting": 83, "modified": "2012-03-10 13:38:37", "location": 208, "show_location": true, "time": "2012-03-28 09:00:00", "duration": 9000, "type": "session"}},
{"pk": 2925, "model": "meeting.timeslot", "fields": {"name": "Afternoon Session I", "meeting": 83, "modified": "2012-03-24 03:24:15", "location": 206, "show_location": true, "time": "2012-03-26 13:00:00", "duration": 7200, "type": "session"}},
{"pk": 2926, "model": "meeting.timeslot", "fields": {"name": "Working Group Chairs' Lunch Tutorial", "meeting": 83, "modified": "2012-03-28 09:52:00", "location": 211, "show_location": false, "time": "2012-03-28 11:30:00", "duration": 5400, "type": "other"}}
]
